doi,count
10.3390/nu13061754,6
10.3390/plants10061036,0
10.11646/phytotaxa.501.1.2,1
10.11646/phytotaxa.500.3.1,0
10.1016/j.ecoinf.2021.101317,1
10.1186/s43008-021-00063-1,53
10.1111/gcb.15623,11
10.3897/biss.4.58982,0
10.3897/biss.4.59089,1
10.3897/biss.4.59274,1
10.11646/zootaxa.4965.2.9,0
10.1002/ece3.7392,6
10.1111/nph.17298,47
10.1002/ece3.7411,1
10.1109/BigData50022.2020.9377737,0
10.1109/IMCOM51814.2021.9377417,0
10.7554/eLife.63870,7
10.3853/j.2201-4349.71.2019.1700,3
10.1016/j.ecoser.2021.101280,4
10.11646/zootaxa.4966.1.7,1
10.3897/BDJ.9.e65023,13
10.7882/AZ.2021.012,2
10.1386/jem_00041_1,2
10.1071/WR20154,28
10.7751/telopea14820,0
10.1071/AM20036,0
10.1080/01584197.2020.1857651,5
10.1111/evo.13207,35
10.1016/j.jnc.2020.125792,5
10.1111/1365-2435.12047,37
10.1038/srep12398,34
10.1111/aen.12278,8
10.1101/200352,2
10.1007/s12526-016-0580-4,13
10.1111/ddi.12214,52
10.1098/rspb.2016.2588,12
10.1071/Mf14331,8
10.1371/journal.pone.0141976,21
10.1016/j.revpalbo.2017.07.001,8
10.3390/d8020007,16
10.1016/j.palaeo.2013.03.019,40
10.1371/journal.pone.0136275,14
10.3853/j.2201-4349.68.2016.1668,4
10.1093/aobpla/plw009,9
10.31646/wa.298,0
10.1093/biolinnean/blx054,7
10.1007/s10530-013-0492-1,40
10.3354/meps12165,34
10.1093/botlinnean/box010,44
10.1111/1365-2664.13006,7
10.1111/aec.12035,23
10.1071/wr16134,4
10.1016/j.ufug.2020.126771,27
10.1002/fedr.201800004,5
10.1002/fedr.201800033,2
10.1080/13658816.2013.871725,0
10.1371/journal.pone.0201962,2
10.1093/aob/mcv084,52
10.1016/j.palaeo.2015.01.030,15
10.1080/14486563.2016.1251345,5
10.1016/j.scitotenv.2015.01.089,25
10.1186/1471-2148-13-105,3
10.1016/j.foreco.2017.10.024,11
10.1111/aec.12032,21
10.1111/evo.13541,17
10.1186/s40657-016-0044-3,10
10.11646/zootaxa.3821.2.4,0
10.1071/Is14021,1
10.1111/nph.13291,66
10.1007/s10021-016-0059-y,22
10.11646/phytotaxa.358.2.2,3
10.1016/j.revpalbo.2017.03.001,7
10.1016/j.revpalbo.2017.01.006,7
10.1002/ece3.3246,4
10.1038/srep43386,83
10.7554/eLife.22089,29
10.1007/s10531-018-1546-6,8
10.1186/s41200-016-0027-4,28
10.7882/az.2015.021,0
10.1111/jvs.12190,269
10.1086/690008,38
10.1071/BT16044,10
10.1111/ddi.12678,50
10.1186/s12862-016-0861-3,19
10.1038/s41598-018-30778-y,8
10.5070/BS3182022486,2
10.1038/ncomms4994,59
10.1111/nph.13076,54
10.1016/j.quascirev.2013.11.007,35
10.1371/journal.pone.0144779,30
10.5091/plecevo.2015.1048,4
10.7717/peerj.723,9
10.1111/nph.13700,18
10.1371/journal.pone.0150899,8
10.1371/journal.pone.0084222,28
10.18195/issn.0312-3162.28(1).2013.001-006,2
10.7751/telopea20148280,6
10.1111/wre.12021,26
10.3897/zse.92.7469,1
10.1111/gcb.13277,14
10.1600/036364417x696140,10
10.1111/mec.13511,39
10.1093/aobpla/plw080,2
10.1371/journal.pone.0189635,8
10.1016/j.palaeo.2013.12.035,31
10.1111/jeb.13297,4
10.1002/eap.1782,18
10.1017/S0960258518000090,11
10.1371/journal.pone.0202073,5
10.1111/plb.12939,39
10.1016/j.orggeochem.2018.03.013,22
10.1111/nph.13199,37
10.1016/j.ijppaw.2019.11.006,12
10.1002/ecy.2137,121
10.1093/biolinnean/blw051,30
10.1093/aobpla/ply029,2
10.1038/s41598-017-12501-5,266
10.1038/s41598-017-11452-1,28
10.1016/j.quascirev.2012.10.021,36
10.1016/j.quaint.2015.02.064,8
10.1371/journal.pone.0025776,101
10.26749/rstpp.148.17,1
10.1111/nph.15031,22
10.1007/s00248-018-1232-y,39
10.1007/s12526-017-0748-6,17
10.3391/mbi.2018.9.3.05,3
10.1111/jbi.12628,19
10.1111/ddi.12759,5
10.15560/9.3.476,6
10.1093/biolinnean/bly013,18
10.1007/s10530-018-1721-4,12
10.1111/aec.12693,3
10.36334/modsim.2019.a1.boston,0
10.1071/WR19079,0
10.1371/journal.pone.0137811,27
10.1371/journal.pone.0154736,15
10.3897/mbmg.2.22467,4
10.1002/ece3.3441,5
10.25226/bboc.v138i4.2018.a6,0
10.1111/aen.12437,1
10.2991/miseic-19.2019.8,0
10.3390/d13010027,3
10.1016/j.tplants.2020.12.018,14
10.3389/fpls.2021.599874,2
10.1111/csp2.143,2
10.3389/fmars.2020.614852,6
10.1111/aen.12521,9
10.1016/j.biocontrol.2021.104540,2
10.1111/aen.12513,17
10.1038/s41598-020-79852-4,4
10.1371/journal.pone.0031840,14
10.1371/journal.pone.0039345,50
10.3897/zookeys.209.3146,16
10.1016/j.fldmyc.2015.09.004,4
10.1071/HR16012,1
10.1093/jpe/rtw003,4
10.1111/aec.12599,5
10.1007/s10658-018-01613-x,7
10.1071/Sb16008,3
10.3417/D-16-00002A,0
10.1007/s13313-016-0443-2,37
10.20417/nzjecol.40.45,11
10.2989/10220119.2017.1301551,52
10.1002/ece3.824,52
10.1080/00049158.2017.1359753,7
10.7751/telopea11767,0
10.5565/rev/orsis.42,5
10.1007/s00442-014-3215-0,11
10.1371/journal.pone.0163995,25
10.1111/aab.12436,1
10.2216/12-089.1,12
10.1016/j.envsci.2014.10.007,19
10.1080/09583157.2013.876616,4
10.1111/aec.12456,9
10.1155/2012/203768,20
10.1111/aec.12348,5
10.1111/gwat.12375,15
10.1111/epp.12089,1
10.22488/okstate.17.100093,0
10.1080/23818107.2017.1381041,29
10.11646/zootaxa.4415.2.1,22
10.3897/biss.3.35493,2
10.12792/icisip2014.049,0
10.15407/ukrbotj75.01.003,0
10.2134/itsrj2016.10.0853,0
10.1109/eScience.2013.38,7
10.1002/tax.621009,9
10.1002/ajb2.1110,6
10.1080/17550874.2016.1244575,7
10.7751/telopea11033,0
10.7751/cunninghamia.2013.13.002,5
10.7751/telopea11313,1
10.1007/s00606-014-1069-x,11
10.7751/telopea9036,0
10.1007/s13199-017-0484-5,1
10.3897/biss.2.25866,1
10.1002/aps3.1026,11
10.1093/bioinformatics/bty792,1
10.1007/s10531-017-1348-2,3
10.3354/meps09847,6
10.1071/is15039,1
10.3417/2011075,1
10.3390/agriculture4040308,9
10.1016/j.gecco.2020.e01272,13
10.1002/ece3.5795,5
10.3897/biss.2.25990,2
10.1038/s41598-020-79551-0,6
10.1016/j.jhazmat.2020.124813,3
10.3390/fire4010001,3
10.1016/j.agee.2020.107296,19
10.3897/biss.2.26665,0
10.3897/biss.2.25121,0
10.3897/biss.2.25194,0
10.3897/biss.2.26077,NA
10.3897/biss.2.28470,0
10.3897/biss.2.25906,0
10.3897/biss.2.25165,0
10.3897/biss.2.25700,1
10.3897/biss.2.26283,0
10.3897/biss.2.26803,1
10.3897/biss.2.24991,0
10.3897/biss.2.25914,0
10.1109/wacv.2018.00027,1
10.1109/CISIS.2009.114,0
10.4108/adim.2010.2,0
10.1038/npre.2009.3620.1,1
10.13140/2.1.3258.3682,NA
10.13140/2.1.3811.4244,NA
10.1109/eScience.2014.30,0
10.13140/2.1.3653.8246,NA
10.1111/mec.12751,86
10.1017/S175526721400058X,5
10.1017/S1755267214001183,3
10.1016/j.gexplo.2014.02.011,15
10.1111/jeb.12292,37
10.1080/21606544.2014.985258,0
10.1186/2041-1480-5-40,7
10.1111/jbi.12298,16
10.4172/2332-2543.1000128,9
10.3390/ijgi3031058,7
10.29243/medkon.19.1.%25p,NA
10.1614/IPSM-D-13-00107.1,4
10.1080/13658816.2013.871016,8
10.1287/isre.2014.0537,78
10.1111/geb.12239,41
10.1111/gcb.12486,92
10.3389/fgene.2014.00394,38
10.1016/j.foreco.2013.12.028,18
10.1002/ece3.1094,46
10.1002/ece3.893,4
10.1890/13-0711.1,55
10.1111/j.1600-0587.2013.00466.x,48
10.1111/ddi.12136,109
10.1111/ddi.12178,15
10.1111/ddi.12129,55
10.1111/ddi.12176,13
10.1111/ddi.12144,455
10.1093/database/bau002,6
10.7751/cunninghamia.2014.14.005,3
10.1016/j.biocon.2014.04.005,14
10.1016/j.biocon.2014.01.005,14
10.3724/SP.J.1003.2014.14107,8
10.17161/bi.v9i1.4611,1
10.1007/s10531-013-0587-0,5
10.1071/Am13040,8
10.1071/AM14005,11
10.1071/AM13015,2
10.1071/Bt14103,9
10.1111/aec.12188,10
10.1578/AM.40.2.2014.162,7
10.1093/aob/mct253,23
10.1093/aob/mcu131,52
10.3161/000345414x685893,11
10.1080/03115518.2014.951916,9
10.1016/j.agee.2014.08.005,51
10.4467/16890027AP.14.011.1448,NA
10.1016/j.ympev.2013.11.012,13
10.1093/forestry/cpu040,21
10.1007/s11056-014-9413-0,8
10.3897/neobiota.23.7745,23
10.1071/PC140048,11
10.1016/j.actao.2014.05.005,18
10.1051/acarologia/20142136,4
10.1134/S106235901506014X,2
10.1071/Mu14047,39
10.1098/rstb.2014.0135,249
10.1371/journal.pone.0126274,40
10.1093/treephys/tpv111,3
10.1016/j.pt.2014.10.007,15
10.1016/j.tplants.2015.08.006,25
10.1071/wr14184,15
10.3897/zookeys.520.6185,10
10.11646/zootaxa.3917.1.1,12
10.11646/zootaxa.4057.2.6,0
10.11646/zootaxa.4019.1.27,3
10.1093/treephys/tpv014,21
10.12933/therya-15-237,8
10.1649/0010-065X-69.mo4.115,1
10.1016/j.tet.2015.06.087,8
10.7751/telopea10042,1
10.7751/telopea8885,0
10.1016/j.scitotenv.2015.01.073,25
10.1016/j.scitotenv.2015.04.100,35
10.1016/j.scitotenv.2015.04.113,58
10.1126/sciadv.1400071,26
10.1016/j.rsase.2015.08.001,12
10.5210/fm.v22i8.7842,8
10.1016/j.envpol.2016.10.010,84
10.17816/edgcc8246-56,4
10.1080/01584197.2017.1388744,14
10.1080/01584197.2017.1411765,11
10.1016/j.ecoser.2017.09.017,45
10.1002/ece3.3253,5
10.1007/s00338-017-1586-5,38
10.1007/s10592-017-0945-7,9
10.1134/s2079086417030021,10
10.17161/bi.v12i0.6522,7
10.7882/az.2016.008,2
10.7882/az.2017.003,0
10.1071/BT16155,7
10.1071/btv65n8_ed,0
10.1111/aen.12251,9
10.1111/aec.12399,7
10.1111/aec.12391,19
10.1080/01650424.2017.1299866,4
10.1071/BT16183,19
10.1080/00049158.2017.1311762,NA
10.1093/aesa/sax058,11
10.15094/00014175,NA
10.7120/09627286.26.1.011,16
10.3732/ajb.1700281,86
10.1111/gbi.12235,14
10.15273/pnsis.v49i1.6974,1
10.11646/phytotaxa.471.2.1,0
10.1016/j.biocon.2020.108831,9
10.11646/zootaxa.4877.2.4,1
10.33494/nzjfs502020x41x,0
10.1016/j.biocon.2020.108855,38
10.3390/d12110417,1
10.1098/rstb.2019.0461,41
10.1111/cobi.13418,10
10.1016/j.gecco.2020.e00978,7
10.1016/j.quaint.2016.07.046,14
10.3897/jhr.79.57308,3
10.1643/ASIHCODONS2020,179
10.3853/j.1835-4211.32.2020.1768,11
10.1016/j.oneear.2020.09.010,39
10.11646/zootaxa.4860.4.1,1
10.3390/d12080306,6
10.1007/s11130-020-00858-4,10
10.1016/j.jcz.2020.09.003,3
10.1080/03122417.2020.1816149,5
10.1007/s11273-020-09748-7,1
10.1111/nph.16929,12
10.1111/aen.12497,1
10.11646/zootaxa.4847.1.1,3
10.1016/j.biocon.2017.06.039,29
10.11646/zootaxa.4231.1.5,3
10.1071/mf17015,6
10.3389/fmicb.2017.01092,34
10.1093/cz/zox021,10
10.1002/ece3.3123,93
10.1080/10549811.2017.1310049,181
10.1111/aec.12474,16
10.3897/evolsyst.1.15735,2
10.3897/evolsyst.1.14652,4
10.1016/j.ufug.2020.126815,7
10.1177/0959683620950410,5
10.1093/jpe/rtaa048,3
10.1093/mollus/eyaa012,3
10.1093/jmammal/gyaa077,5
10.1111/geb.13169,14
10.3390/f11080892,5
10.1111/ele.13584,35
10.1111/ddi.13145,16
10.1007/s10530-020-02359-6,12
10.1071/SB19048,1
10.3390/en10111689,32
10.3897/zookeys.681.12522,11
10.1098/rsbl.2016.0665,19
10.1016/j.cropro.2017.05.023,30
10.3390/land6040068,14
10.1007/s13314-017-0277-y,5
10.20938/afo34091094,0
10.1109/DICTA.2016.7796989,0
10.1109/DICTA.2016.7797010,4
10.1109/ICIP.2013.6738910,12
10.1109/ICCVW.2013.27,5
10.3897/biss.2.28131,0
10.3897/biss.3.35887,0
10.11646/zootaxa.4240.1.1,10
10.11646/zootaxa.3790.4.2,5
10.1177/1075547014560829,6
10.3897/zookeys.209.3169,46
10.3897/zookeys.305.5438,25
10.3897/biss.3.38919,0
10.3897/biss.3.38262,0
10.3897/biss.3.37791,0
10.3897/biss.3.37441,0
10.3897/biss.3.35867,0
10.3897/biss.3.37071,0
10.1111/nph.15502,160
10.3354/meps12610,33
10.1038/s41559-018-0608-1,48
10.3897/tdwgproceedings.1.20290,0
10.3897/tdwgproceedings.1.19826,0
10.3897/biss.2.25439,0
10.3897/rio.2.e9933,6
10.5060/D2NC5Z4X,NA
10.3897/tdwgproceedings.1.20240,2
10.3897/biss.2.25488,0
10.5334/jime.560,3
10.1007/s00040-020-00764-7,1
10.11646/zootaxa.4560.3.9,0
10.1016/j.funeco.2019.100869,12
10.1016/j.biocon.2018.12.011,15
10.1002/ece3.5609,22
10.7882/AZ.2019.023,8
10.1371/journal.pgen.1007943,79
10.1016/j.jenvman.2019.109777,13
10.1111/rec.12976,13
10.1111/conl.12648,11
10.1098/rsos.191166,10
10.1111/nph.16349,12
10.1016/j.biocon.2019.07.013,29
10.1111/aab.12499,6
10.1016/j.quascirev.2018.11.002,10
10.1016/j.ecoinf.2019.100991,13
10.1016/j.biocon.2019.04.015,14
10.1016/j.foreco.2019.117675,5
10.1007/s13313-019-0612-1,3
10.3390/genes10080579,9
10.11646/zootaxa.4609.2.1,4
10.1016/j.marenvres.2019.104813,16
10.1111/aen.12387,3
10.2478/mgr-2019-0019,6
10.1080/10941665.2018.1541186,2
10.18195/issn.0312-3162.34(2).2019.055-114,9
10.1093/treephys/tpz095,12
10.1111/cla.12381,10
10.1002/ece3.4858,14
10.3996/072018-JFWM-064,1
10.1007/s13313-019-00642-2,7
10.1111/nph.16042,48
10.11646/zootaxa.4686.4.5,1
10.1016/j.funeco.2019.03.001,6
10.12697/fce.2019.56.10,9
10.3375/043.039.0309,0
10.1111/oik.06389,10
10.1086/701632,28
10.1086/703535,19
10.3897/BDJ.7.e33679,36
10.3906/bot-1805-68,1
10.3390/v11010089,11
10.1016/j.marenvres.2019.104777,7
10.7717/peerj.8225,59
10.1038/s41598-020-60079-2,14
10.1007/s10531-020-01936-4,9
10.11646/zootaxa.4742.3.13,0
10.1007/s11104-019-04133-7,3
10.1071/CP19261,6
10.1111/rec.13028,20
10.1111/aen.12410,5
10.7717/peerj.8086,21
10.1002/nafm.10271,4
10.7717/peerj.6252,9
10.3897/BDJ.7.e36385,0
10.3417/2019402,6
10.1016/j.sajb.2019.08.014,16
10.25226/bboc.v139i2.2019.a9,0
10.5281/zenodo.2854383,NA
10.1016/j.ympev.2019.106557,15
10.1038/s41598-019-38661-0,9
10.1111/ppa.13135,10
10.1016/j.biocon.2020.108506,12
10.1111/1095-9270.12412,6
10.1177/1470357220915652,3
10.1089/vbz.2019.2585,6
10.1038/s41576-020-0228-x,96
10.1111/aen.12444,16
10.1016/j.biocon.2019.108357,2
10.1016/j.virusres.2020.197934,4
10.1016/j.gecco.2020.e01048,13
10.1002/ecs2.2998,5
10.1007/s10531-020-01937-3,17
10.3897/rio.6.e50675,14
10.1371/journal.pone.0231727,9
10.1016/j.jclepro.2020.121735,32
10.1016/j.toxicon.2020.03.010,1
10.1109/eScience.2017.90,2
10.1371/journal.pone.0068535,146
10.1002/ece3.4934,17
10.1111/emr.12000,20
10.3391/bir.2019.8.4.02,4
10.1093/bioinformatics/btu024,4
10.20938/afo36056059,0
10.18473/lepi.74i1.a4,0
10.1111/aen.12483,7
10.1016/j.biocontrol.2019.104165,6
10.3390/toxins11120726,20
10.15302/J-FASE-2019270,3
10.1146/annurev-biodatasci-010820-091627,21
10.7717/peerj.9348,4
10.3366/anh.2014.0210,7
10.7882/AZ.2019.031,2
10.1111/cobi.13447,27
10.1071/AM18038,3
10.1093/biolinnean/blz046,9
10.1007/s10531-019-01697-9,33
10.1017/S0030605318000923,3
10.3897/rio.5.e36152,5
10.1038/s41598-019-46376-5,9
10.1038/s41598-019-41948-x,8
10.1016/j.biocon.2018.12.032,47
10.1093/biolinnean/blz125,7
10.1080/08941920.2018.1559383,0
10.1016/j.flora.2019.151466,15
10.1093/biosci/biz140,85
10.3897/evolsyst.3.34496,1
10.1007/s00442-018-04328-2,14
10.3897/rio.5.e46404,10
10.1016/j.biocon.2019.02.005,7
10.1098/rsos.181325,10
10.1016/j.ecolmodel.2019.108817,90
10.1111/1365-2656.13073,7
10.1038/s41598-019-44483-x,22
10.1016/j.pld.2019.09.001,10
10.11646/zootaxa.4564.1.2,2
10.11646/zootaxa.4695.3.1,0
10.3391/ai.2019.14.3.10,7
10.1016/j.gecco.2019.e00649,11
10.1111/mam.12157,7
10.1016/j.scitotenv.2019.07.024,4
10.1080/13235818.2018.1468206,0
10.1016/j.gecco.2019.e00584,17
10.1093/jpe/rtz031,9
10.3390/publications7020038,15
10.1093/botlinnean/boy074,15
10.1093/botlinnean/boz009,16
10.1086/702643,2
10.1016/j.ympev.2019.03.016,11
10.1093/treephys/tpz121,34
10.1111/eva.12761,12
10.3390/su11102780,50
10.1016/j.ympev.2019.02.011,10
10.1111/aen.12453,7
10.7717/peerj.6739,17
10.1111/gcb.14607,8
10.1017/S0007485318001037,7
10.1111/2041-210X.13090,63
10.1016/j.fitote.2020.104610,13
10.3390/land9050171,6
10.3853/j.2201-4349.72.2020.1762,0
10.1016/j.ecss.2020.106930,5
10.1002/ece3.6472,7
10.7882/AZ.2020.008,0
10.1177/155019061601200208,3
10.3828/indexer.2017.43,0
10.1016/j.revpalbo.2020.104273,4
10.1007/s10796-019-09915-z,41
10.1111/tgis.12656,2
10.1111/aen.12488,12
10.1073/pnas.1921124117,34
10.1016/j.agee.2020.107068,10
10.3897/rio.6.e56211,4
10.1080/14786419.2020.1788021,7
10.3197/096734017X15046905071852,1
10.7882/AZ.2017.009,0
10.1002/ecm.1287,30
10.1016/j.envsoft.2016.05.010,13
10.1111/geb.12637,22
10.20938/afo34076079,0
10.1002/eap.1824,33
10.1371/journal.pone.0210560,6
10.1016/j.biocon.2019.03.015,25
10.1007/s10340-019-01115-7,23
10.1002/ecy.2787,10
10.1080/14486563.2019.1599742,9
10.1111/evo.13859,13
10.1371/journal.pone.0223712,8
10.1007/s10531-019-01885-7,4
10.1016/j.gecco.2019.e00852,14
10.3390/f11010062,8
10.1177/0959683619895589,5
10.1016/j.biocon.2019.108399,11
10.1111/aec.12853,6
10.1111/jzs.12355,0
10.1111/ddi.13040,9
10.1016/j.ecss.2020.106692,2
10.1111/een.12856,10
10.1016/j.gecco.2020.e01013,5
10.1071/AM19037,8
10.1111/aec.12884,4
10.1080/03721426.2020.1740957,1
10.1111/jbi.13852,13
10.1111/aec.12885,0
10.1016/j.marenvres.2020.104993,17
10.3390/f11050495,4
10.1016/j.ecolind.2020.106436,29
10.1016/j.ecolmodel.2020.109071,12
10.1111/jbi.13870,9
10.1002/wcc.657,5
10.1093/sysbio/syaa046,20
10.1071/rs20002,5
10.11646/zootaxa.4802.1.4,0
10.1098/rspb.2019.2817,12
10.3390/insects11060390,3
10.1080/03721426.2020.1786779,1
10.1002/fee.2032,79
10.1111/ecog.04530,10
10.1109/ICIP.2019.8803746,6
10.1111/aen.12416,11
10.1002/ppp3.10064,16
10.1080/00049158.2019.1680594,3
10.3897/mycokeys.35.25665,27
10.1111/cobi.13183,120
10.1111/aec.12608,39
10.1016/j.dsr2.2018.07.015,14
10.1016/j.sajb.2018.04.020,4
10.1071/AM18018,6
10.3390/d10030099,22
10.7882/AZ.2016.016,1
10.1016/j.biocon.2018.09.016,27
10.1590/2175-7860201869401,11
10.48550/arXiv.1810.00224,NA
10.1080/03721426.2017.1394778,0
10.11646/zootaxa.4446.1.1,0
10.1111/aen.12271,3
10.2478/botcro-2018-0009,4
10.1007/s10530-018-1866-1,17
10.1146/annurev-ento-031616-035536,41
10.1016/j.marpol.2018.08.011,7
10.1088/1748-9326/aae7f9,18
10.1371/journal.pone.0194319,17
10.1071/CP18110,1
10.1371/journal.pone.0194571,71
10.1111/jbi.13122,18
10.11646/zootaxa.4450.2.2,0
10.1515/opis-2018-0001,12
10.1071/ZO18021,9
10.1071/PC18016,5
10.1017/jpa.2017.86,2
10.3390/ani10071112,7
10.25226/bboc.v140i2.2020.a6,1
10.1111/j.1472-4642.2010.00725.x,3732
10.1002/ece3.6288,5
10.1093/biosci/biaa064,42
10.1080/03122417.2020.1769250,2
10.15258/sst.2020.48.2.03,3
10.1007/s42161-020-00498-2,6
10.1098/rspb.2019.1103,5
10.11646/zootaxa.2217.1.3,41
10.3897/zookeys.865.34265,2
10.3897/zookeys.873.35421,2
10.3897/zookeys.831.28588,7
10.1071/WR18128,8
10.1007/s00334-019-00744-3,4
10.1111/syen.12424,11
10.18195/issn.0313-122x.85.2020.105-115,2
10.1098/rspb.2019.2546,11
10.1098/rspb.2018.1713,14
10.1071/PC19002,1
10.1111/1755-0998.13170,16
10.1071/MA19038,1
10.1071/MA19035,0
10.1111/jfb.14167,5
10.1111/jbi.13709,6
10.1163/1876312X-00001010,0
10.1007/s10750-019-03985-5,14
10.1007/s10745-019-0053-z,24
10.1111/1365-2435.13337,14
10.1111/1365-2435.13320,47
10.1111/fwb.13396,3
10.1111/ele.13389,2
10.1002/ecm.1370,177
10.1111/ddi.12982,18
10.1111/ddi.13070,9
10.1007/s10530-020-02269-7,9
10.1007/s10531-016-1207-6,48
10.1111/j.1440-6055.2012.00877.x,5
10.1071/BT19073,7
10.1071/BT20030,3
10.1111/aec.12804,3
10.1111/aec.12776,8
10.1111/aec.12907,4
10.1111/aec.12844,0
10.1111/aec.12900,1
10.1111/aec.12846,2
10.1111/aec.12719,4
10.48550/arXiv.2002.12021,NA
10.48550/arXiv.2002.01155,NA
10.1126/science.aao0054,8
10.20944/preprints202004.0465.v1,0
10.1007/s11120-017-0359-x,17
10.1098/rstb.2017.0391,93
10.1098/rstb.2015.0337,44
10.1186/1742-9994-10-55,34
10.1186/s13742-016-0126-5,163
10.1080/13658816.2012.698015,120
10.1080/13658816.2015.1077962,40
10.1371/journal.pone.0094346,69
10.17520/biods.2017184,3
10.1371/journal.pone.0172457,6
10.1186/s40494-017-0148-z,7
10.20362/am.009004,NA
10.1111/conl.12260,49
10.1016/j.vetpar.2017.09.005,5
10.1038/srep46040,38
10.1111/aen.12255,6
10.1071/BT16015,22
10.1098/rspb.2017.0926,29
10.1002/ece3.3084,1
10.1007/s10750-016-2942-0,4
10.2218/ijdc.v11i2.409,1
10.1111/pce.13133,64
10.1111/aec.12536,5
10.20938/afo37105111,0
10.1002/ece3.6593,9
10.1186/s12862-020-01671-y,11
10.3853/j.2201-4349.72.2020.1763,3
10.1111/eva.12958,8
10.1111/aen.12485,1
10.1007/s11829-020-09777-2,3
10.1163/1876312X-00002171,8
10.1016/j.quaint.2016.08.010,9
10.4001/003.026.0237,4
10.1002/2017GC007287,1
10.3897/rio.4.e32449,5
10.1016/j.ecss.2018.03.017,8
10.1186/s40709-017-0072-0,24
10.1098/rspb.2018.1987,18
10.7751/telopea12960,0
10.1093/botlinnean/boy072,5
10.1111/aen.12374,1
10.1111/emr.12334,3
10.1111/ppa.12955,26
10.1016/j.foreco.2017.10.043,8
10.11646/phytotaxa.350.3.2,2
10.1111/geb.12767,17
10.1016/j.jenvman.2017.10.036,12
10.1038/s41467-018-07217-7,63
10.16995/olh.291,2
10.1071/WR17179,4
10.1080/23818107.2018.1487884,62
10.1007/s10530-018-1782-4,12
10.1111/jbi.13159,16
10.1007/s13313-018-0579-3,17
10.1016/j.jenvman.2018.04.114,4
10.1071/FP17134,10
10.1371/journal.pone.0197545,22
10.1071/MF18060,5
10.1071/PC17027,1
10.29333/ejmste/100639,9
10.1071/PC17034,11
10.11646/zootaxa.4497.4.3,0
10.1080/0028825X.2017.1412991,1
10.1111/ddi.12852,13
10.1017/wsc.2018.16,4
10.1016/j.gecco.2018.e00403,7
10.1016/j.landusepol.2018.03.049,29
10.1007/s10750-018-3781-y,12
10.1016/j.foreco.2018.08.019,63
10.1111/aen.12343,58
10.1071/PC18002,0
10.1002/ece3.4339,16
10.1007/s00468-018-1692-1,3
10.1186/s13071-018-2733-8,52
10.1002/ece3.4387,58
10.1038/s41559-018-0667-3,123
10.1111/geb.12745,13
10.1111/aec.12628,64
10.1111/aen.12329,3
10.1007/s00334-018-0688-5,5
10.1093/biosci/bix143,21
10.1108/Par-03-2016-0033,4
10.1127/nova_hedwigia/2015/0287,2
10.18848/1835-2014/CGP/v08i01/44478,1
10.3354/meps12601,6
10.1111/aen.12199,5
10.1111/aec.12319,9
10.1111/aec.12388,10
10.1002/ajoc.201600462,9
10.1093/aesa/sav105,2
10.1478/AAPP.942A4,NA
10.1080/10344233.2016.1238990,2
10.1016/j.agrformet.2015.12.002,52
10.1016/j.actao.2015.10.009,29
10.1206/3860.1,2
10.1371/journal.pone.0178609,3
10.18195/issn.0312-3162.32(2).2017.101-190,1
10.1111/pala.12312,9
10.3354/meps12080,38
10.1111/ecog.03049,1143
10.11646/zootaxa.4347.2.7,1
10.11646/zootaxa.4362.2.2,2
10.11646/zootaxa.4317.2.13,1
10.1614/ws-d-15-00184.1,31
10.13057/tropdrylands/t010106,3
10.7751/telopea11022,0
10.1038/s41598-017-13307-1,47
10.1038/s41598-017-05855-3,14
10.1038/s41598-017-13245-y,37
10.26807/remcb.v36i1-2.278,0
10.3897/rio.3.e12165,2
10.1016/j.rsma.2017.03.005,33
10.18195/issn.0312-3162.32(2).2017.217-236,0
10.1071/RS17003,0
10.1098/rspb.2017.0915,13
10.1371/journal.pone.0178731,36
10.1371/journal.pone.0169629,26
10.1371/journal.pone.0172230,9
10.1371/journal.pone.0188058,38
10.1371/journal.pone.0184193,12
10.1371/journal.pone.0178681,22
10.1371/journal.pone.0177018,17
10.3390/plants6040058,12
10.1016/j.pld.2017.11.001,7
10.1111/pce.12948,65
10.11646/phytotaxa.298.3.10,1
10.11646/phytotaxa.300.1.1,9
10.7717/peerj.3446,39
10.1007/s00442-017-3856-x,28
10.1080/00288233.2017.1398763,0
10.1080/00288233.2017.1400445,4
10.1007/s00572-017-0769-9,14
10.1080/21501203.2016.1278409,7
10.1080/13235818.2016.1207280,9
10.1016/j.ympev.2016.09.002,7
10.1111/2041-210x.12738,67
10.1093/mspecies/sex007,0
10.23818/limn.36.02,0
10.1017/S0024282917000251,6
10.1016/j.landurbplan.2017.05.001,7
10.1080/20430795.2017.1375776,7
10.1016/j.jplph.2017.01.010,25
10.1111/jph.12593,28
10.1093/jmammal/gyx010,61
10.1093/jcbiol/rux030,6
10.1111/jbi.13039,14
10.1111/jbi.12878,11
10.1111/jbi.12926,31
10.1111/jbi.13057,18
10.1111/jai.13414,4
10.3390/ijgi6090277,11
10.1071/IS16031,1
10.1017/inp.2017.17,0
10.1163/1876312x-00002166,1
10.1111/ecog.02813,21
10.1111/ecog.02010,50
10.1111/ddi.12625,9
10.3390/d10010001,3
10.5334/dsj-2017-013,1
10.1071/CP15380,3
10.1007/s10530-017-1381-9,10
10.1007/s10530-016-1334-8,6
10.1016/j.biocon.2017.01.004,32
10.20938/af034037046,0
10.1111/aec.12487,16
10.1016/bs.apar.2016.06.001,19
10.1111/geb.12545,70
10.1093/gbe/evw290,26
10.1111/1365-2435.12913,23
10.1186/s12983-017-0191-3,18
10.3389/fevo.2017.00095,14
10.1086/692068,9
10.1086/690557,8
10.1111/fwb.12949,10
10.3390/f8120481,5
10.12705/651.30,0
10.1071/RJ15081,9
10.1071/Wr15071,48
10.3372/wi.46.46310,17
10.11646/zootaxa.4154.5.1,2
10.11646/zootaxa.4107.1.2,10
10.1111/rec.12359,150
10.1111/rec.12335,5
10.18195/issn.0312-3162.31(2).2016.090-162,4
10.1071/rs16011,23
10.1371/journal.pone.0148485,7
10.1371/journal.pone.0167780,54
10.4103/0973-7847.194049,37
10.7717/peerj.2179,23
10.1017/S0031182016000251,40
10.2110/palo.2015.087,26
10.1016/j.palaeo.2015.10.029,11
10.1071/pc15030,9
10.1016/j.onehlt.2016.07.004,14
10.3897/neobiota.31.6960,123
10.1007/s00572-016-0683-6,16
10.1111/mec.13754,33
10.1111/mec.13750,25
10.24199/j.mmv.2016.74.28,1
10.3391/mbi.2016.7.3.10,3
10.1017/S0025315415000521,15
10.1002/asi.23564,11
10.1111/aen.12512,9
10.1093/jpe/rtw031,2
10.1021/acs.jnatprod.6b00190,31
10.1242/jeb.137588,12
10.1111/1365-2745.12627,42
10.1016/j.jocn.2015.12.019,8
10.1111/jbi.12764,7
10.1111/jbi.12713,32
10.1111/jav.00804,9
10.1071/Is15032,15
10.1071/is15011,13
10.1017/S0940739116000023,4
10.1111/geb.12389,36
10.1111/geb.12455,28
10.1111/gcb.13280,80
10.4238/gmr.15028038,0
10.1016/j.future.2015.08.016,14
10.1111/1365-2435.12577,24
10.1111/1365-2435.12661,34
10.1016/j.foreco.2015.08.004,60
10.1016/j.foreco.2016.02.009,26
10.1002/etc.3331,16
10.1017/S037689291500020X,6
10.1071/Mu15094,6
10.1071/mu10047,17
10.1002/ece3.2332,136
10.1002/ece3.2254,11
10.1111/ele.12624,286
10.1002/ece3.2036,16
10.1016/j.ecolmodel.2016.10.004,72
10.1111/emr.12219,11
10.1016/j.ecoinf.2016.06.001,40
10.1111/ecog.01576,41
10.3390/d8030017,8
10.3390/d8040021,15
10.1093/database/baw125,45
10.1007/s10592-016-0830-9,3
10.1111/cobi.12684,72
10.1177/155019061601200204,0
10.15560/12.6.2008,1
10.17161/bi.v11i0.5860,11
10.1186/s12898-016-0103-y,29
10.1093/biosci/biv155,76
10.1111/bij.12728,9
10.1111/bij.12821,52
10.1016/j.biocon.2016.08.036,26
10.3391/bir.2016.5.4.05,8
10.3897/BDJ.4.e8080,38
10.7882/AZ.2016.030,1
10.7882/az.2015.035,1
10.1071/sb16020,1
10.1071/Sb16019,3
10.1071/SBv29n3_ED2,1
10.1071/SBv29n3_ED1,0
10.1071/Am15035,0
10.1071/Bt16034,5
10.20938/afo33148150,1
10.1080/03122417.2013.11681973,0
10.1080/03122417.2016.1183404,13
10.1007/s13313-016-0418-3,14
10.1080/14486563.2016.1152202,7
10.1111/aen.12155,14
10.1371/journal.pone.0115679,7
10.1371/journal.pone.0143402,40
10.1371/journal.pone.0124014,9
10.3897/phytokeys.48.7159,8
10.1071/pc15021,2
10.1016/j.onehlt.2015.10.003,33
10.1080/00288330.2015.1080173,4
10.1016/j.ympev.2014.09.026,24
10.1002/cben.202000013,3
10.1002/ece3.6948,10
10.1111/1541-4337.12664,15
10.1371/journal.pone.0241964,2
10.1071/Ma15021,0
10.1111/2041-210X.12242,254
10.1080/17451000.2014.928413,1
10.1017/S1755267215000524,13
10.1017/S1755267215000263,10
10.1007/s12526-014-0237-0,14
10.1186/s40409-015-0010-2,10
10.1111/jvec.12151,13
10.17087/jbnhs/2015/v112i3/114438,1
10.1111/jeb.12746,23
10.1111/jbi.12469,149
10.1111/jbi.12538,15
10.1111/1365-2664.12500,36
10.1505/146554815815982639,4
10.1016/j.ins.2014.07.028,68
10.1177/0959683614558650,15
10.1016/j.heliyon.2015.e00044,7
10.1016/j.gecco.2015.01.007,11
10.1111/geb.12368,29
10.1111/gcb.13034,39
10.3389/fpls.2015.00731,46
10.3389/fmars.2014.00081,96
10.3390/f6072281,17
10.1016/j.foreco.2015.03.002,74
10.1016/j.exppara.2015.03.005,6
10.3853/j.2201-4349.72.2020.1731,1
10.1111/ele.12488,54
10.1890/14-1510.1,47
10.1016/j.ecoinf.2015.07.006,20
10.1016/j.ecoinf.2015.06.010,132
10.1111/ecog.01252,34
10.1093/database/bau125,16
10.14195/0871-1623_34_11,1
10.3853/j.2201-4349.72.2020.1725,1
10.4102/abc.v45i1.1953,2
10.1186/s12862-015-0442-x,27
10.1093/biosci/biv104,111
10.1093/biosci/biv005,55
10.1101/034389,0
10.1111/bij.12516,97
10.1111/bij.12534,88
10.1016/j.biocon.2015.07.030,37
10.3391/bir.2015.4.1.09,5
10.3391/bir.2015.4.1.10,0
10.1016/j.biocon.2020.108867,12
10.1080/14888386.2015.1068709,38
10.7882/AZ.2015.014,6
10.7882/AZ.2015.008,6
10.1071/sb15028,3
10.1071/AM14015,0
10.1071/AM14029,12
10.1071/AM14038,18
10.1071/zo14091,14
10.1071/bt15038,35
10.1071/BT14229,1
10.1386/ajpc.4.2-3.115_1,0
10.1111/aec.12184,11
10.1111/aec.12265,26
10.1111/aec.12207,39
10.1111/aec.12233,6
10.1111/aec.12226,3
10.1080/01576895.2015.1047818,1
10.1093/aob/mcu248,19
10.1093/aob/mcu267,444
10.1007/s13280-015-0709-x,32
10.1007/s13280-015-0705-1,155
10.1111/afe.12104,4
10.1080/03115518.2015.1069460,7
10.1111/geb.12397,12
10.22323/2.15030206,19
10.19227/jzar.v4i4.166,NA
10.20396/rdbci.v14i1.8642124,1
10.1098/rsos.160018,13
10.1016/j.scitotenv.2016.01.202,21
10.1038/srep30078,14
10.1038/srep30009,31
10.3233/Sw-150190,22
10.1016/j.sajb.2016.05.001,6
10.3897/tdwgproceedings.1.20236,0
10.3897/tdwgproceedings.1.20294,0
10.3897/tdwgproceedings.1.20348,0
10.3897/tdwgproceedings.1.19941,0
10.3897/tdwgproceedings.1.20321,0
10.3897/tdwgproceedings.1.17011,0
10.1109/CIC.2017.00056,0
10.1109/eScience.2017.19,3
10.7882/AZ.2018.038,5
10.1111/ddi.12766,16
10.1002/aps3.1021,11
10.1016/j.watres.2018.07.044,24
10.1111/1365-2664.13052,7
10.1071/BT18118,2
10.1093/biolinnean/blx168,16
10.1111/rec.12898,42
10.1111/emr.12335,26
10.1007/s00704-018-2385-9,8
10.1038/sdata.2017.202,103
10.1071/BT17246,0
10.1111/ecog.02850,35
10.1111/pce.13129,107
10.1111/cobi.13178,24
10.1016/j.marpolbul.2018.09.047,2
10.1371/journal.pone.0202766,3
10.1007/s10584-018-2227-x,2
10.1016/j.eiar.2018.09.002,28
10.5334/cstp.114,43
10.1111/2041-210X.12862,6
10.1071/AM16062,1
10.1071/SB17062,5
10.1111/nph.15116,40
10.1111/jse.12315,79
10.1111/1365-2745.13083,33
10.1101/258038,1
10.3390/ijgi7080312,2
10.1016/j.ecoinf.2018.09.008,0
10.1002/edn3.173,26
10.1071/MF17387,27
10.1080/01584197.2020.1854047,5
10.1111/avj.13019,1
10.1111/jbi.13477,24
10.1098/rsos.201603,1
10.1080/03721426.2020.1848981,0
10.11646/zoosymposia.19.1.16,8
10.3897/rio.6.e62361,2
10.5334/cstp.310,2
10.1093/aob/mcy051,21
10.1111/jbi.13233,6
10.1093/biolinnean/bly187,3
10.1071/zo17059,9
10.1111/aen.12325,6
10.1080/23802359.2018.1424583,3
10.1002/jmor.20837,13
10.7882/AZ.2018.011,0
10.1111/gcb.14398,34
10.1093/database/bax100,33
10.3897/BDJ.6.e28073,8
10.3897/biss.2.25664,1
10.3897/biss.2.25487,0
10.1002/aps3.1024,53
10.1016/j.ecoinf.2018.11.003,35
10.3897/biss.2.25486,0
10.3897/biss.2.25608,2
10.3897/zookeys.846.35028,1
10.3767/persoonia.2020.44.04,2
10.4202/app.00485.2018,1
10.1016/j.rsma.2018.100449,2
10.1071/am16007,3
10.1371/journal.pone.0075078,64
10.1016/j.future.2015.07.004,10
10.1016/j.biocon.2016.09.004,385
10.1007/978-3-319-51835-0_4,3
10.7751/telopea8309,0
10.13679/j.advps.2015.1.00008,NA
10.11646/zootaxa.4126.4.1,5
10.1071/RJ15047,14
10.1111/jav.01552,2
10.1016/j.cropro.2017.02.006,4
10.1016/j.apgeochem.2017.06.007,5
10.1111/ddi.12570,11
10.2989/16085914.2017.1405788,19
10.1101/178475,1
10.1111/aec.12519,10
10.1111/ele.12156,45
10.1111/ele.12189,1151
10.1002/ece3.888,92
10.1111/emr.12055,10
10.3390/d50100124,NA
10.7751/cunninghamia.2013.005,19
10.1007/s10592-013-0504-9,23
10.1186/1472-6785-13-16,95
10.1525/bio.2013.63.10.4,10
10.1111/bij.12082,11
10.17161/bi.v8i2.4124,32
10.17161/bi.v8i2.4117,15
10.1515/bfp-2013-0038,1
10.1111/aen.12055,0
10.3377/004.048.0206,0
10.1016/j.jenvman.2014.01.018,42
10.1038/ncomms4971,40
10.1016/j.palaeo.2014.04.018,63
10.2305/IUCN.CH.2014.PARKS-20-2.NL.en,3
10.1111/pce.12251,94
10.1111/ppa.12173,84
10.1371/journal.pone.0102376,5
10.1371/journal.pone.0103515,35
10.1371/journal.pone.0092558,66
10.1371/journal.pone.0089084,22
10.1080/01584197.2020.1852574,2
10.1071/WR20070,4
10.1002/tax.12373,33
10.1007/s12526-020-01117-0,2
10.1111/icad.12443,1
10.1111/ddi.13166,10
10.1093/biosci/biaa084,1
10.1007/s10530-020-02400-8,7
10.1007/s10530-020-02387-2,3
10.1071/BT20060,0
10.1071/BT20026,2
10.1071/BT20006,2
10.1071/BT20106,5
10.1111/aec.12954,2
10.1007/s10452-020-09806-5,2
10.1371/journal.pone.0111895,17
10.1371/journal.pone.0113749,216
10.1371/journal.pone.0107510,32
10.1007/s10113-013-0577-5,14
10.1016/j.revpalbo.2013.11.003,7
10.1016/j.sajb.2014.05.002,14
10.7751/telopea20147401,0
10.7751/telopea20147400,1
10.7751/telopea20147788,1
10.1080/00049670.2014.974004,9
10.1071/wr13206,15
10.1002/zoo.21128,6
10.3897/zookeys.464.8615,46
10.3897/zookeys.454.8625,2
10.11646/zootaxa.3765.2.1,33
10.11646/zootaxa.3866.2.6,10
10.11646/zootaxa.3754.5.4,2
10.11646/zootaxa.3873.1.4,9
10.11646/zootaxa.3846.2.6,13
10.2478/dim-2020-0019,0
10.1080/08912963.2020.1832089,1
10.1002/ppp3.10141,26
10.1080/00049182.2016.1229240,16
10.1007/s10592-017-0983-1,3
10.1007/s10530-016-1332-x,23
10.1007/s10750-013-1600-z,18
10.1111/aen.12158,28
10.1016/j.envsoft.2015.10.025,62
10.3897/BDJ.4.e10279,36
10.12705/662.9,11
10.1111/j.1440-6055.2007.00601.x,45
10.1007/s12225-008-9014-1,26
10.1080/10496500903014669,3
10.1111/j.1440-6055.2009.00703.x,4
10.1071/AP09026,2
10.3897/zookeys.50.538,41
10.3897/zookeys.45.263,39
10.1002/tax.596016,32
10.1126/science.1188639,75
10.1371/journal.pone.0011831,61
10.1080/19386389.2010.506400,10
10.3724/SP.J.1003.2010.480,0
10.3724/SP.J.1003.2010.429,2
10.1111/j.1442-9993.2009.02048.x,8
10.3897/zookeys.95.1461,8
10.3897/zookeys.150.1766,73
10.3897/zookeys.150.2189,48
10.3724/SP.J.1143.2011.10239,NA
10.1080/11263504.2011.633116,15
10.1186/2041-1480-2-7,10
10.1071/MUv111n3_ED,13
10.1002/ece3.81,46
10.1111/j.1523-1739.2011.01725.x,45
10.1002/bult.2011.1720370411,6
10.1186/1471-2105-12-S15-S5,10
10.11646/zootaxa.3359.1.3,7
10.11646/zootaxa.3546.1.1,2
10.3897/zookeys.209.3135,48
10.3897/zookeys.209.3472,59
10.3897/zookeys.255.3774,22
10.3897/zookeys.209.3313,101
10.1016/j.tree.2011.09.007,367
10.1007/s00300-011-1082-2,3
10.1371/journal.pone.0029715,597
10.1371/journal.pone.0035105,367
10.1080/11263504.2012.740091,26
10.3897/phytokeys.14.3415,7
10.1016/j.ocecoaman.2012.08.009,16
10.5943/mycosphere/4/1/5,26
10.3897/mycokeys.5.4302,18
10.1016/j.ympev.2012.05.034,118
10.1080/13658816.2012.721557,7
10.1080/13658816.2012.692371,15
10.4018/jaeis.2011010101,5
10.1007/s10745-012-9518-z,50
10.1071/zo12077,11
10.1080/00048623.2012.10722254,8
10.1111/j.1442-9993.2011.02314.x,106
10.5635/ased.2012.28.4.297,1
10.11646/zootaxa.3613.3.4,17
10.11646/zootaxa.3669.3.5,1
10.11646/zootaxa.3599.6.3,5
10.11646/zootaxa.3630.3.3,23
10.3897/zookeys.293.5111,22
10.1177/0042098013482507,13
10.12705/626.4,13
10.1186/1939-8433-6-29,36
10.1002/meet.14505001061,2
10.1016/j.prevetmed.2013.09.012,29
10.1371/journal.pone.0080168,33
10.1371/journal.pone.0083404,33
10.1371/journal.pone.0076093,14
10.1371/journal.pone.0064479,58
10.1016/j.pedobi.2013.08.002,4
10.3738/1982.2278.879,1
10.1080/03014223.2012.757243,17
10.1016/j.ympev.2012.09.027,16
10.1111/2041-210x.12022,54
10.1016/j.jprot.2013.01.002,53
10.1029/2011jf002296,91
10.1093/icb/ict038,15
10.1111/icad.12022,9
10.1016/j.futures.2012.10.002,32
10.21425/f55117001,1
10.1016/j.foreco.2012.04.004,129
10.1111/evo.12107,90
10.1109/eScience.2016.7870884,2
10.1007/978-3-319-70863-8_30,0
10.3897/tdwgproceedings.1.15071,0
10.3897/tdwgproceedings.1.19802,0
10.36334/modsim.2017.g8.lowchoy,1
10.3897/tdwgproceedings.1.20252,0
10.3897/tdwgproceedings.1.20253,0
10.1007/978-3-319-57819-4_7,1
10.36334/modsim.2015.f10.lechner,0
10.1145/2857218.2857231,0
10.1016/j.proeng.2015.05.037,80
10.1109/eScience.2011.28,0
10.3109/17453054.2012.690136,0
10.1109/eScience.2013.48,13
10.13140/2.1.4057.0245,NA
10.11646/zootaxa.2157.1.1,13
10.2478/mgr-2019-0020,19
10.52547/jibs.4.3.203,9
10.1163/18759866-08501002,14
10.18473/lepi.73i3.a7,10
10.2478/hacq-2018-0008,2
10.7320/FlMedit28.145,7
10.18520/cs/v110/i11/2155-2159,18
10.26749/rstpp.153.5,2
10.3897/biss.4.59345,0
10.3897/biss.3.37470,1
10.3897/biss.3.35474,1
10.3897/biss.3.37093,0
10.3897/biss.3.37439,0
10.3897/biss.3.38318,0
10.3897/biss.3.39215,0
10.1016/j.cub.2018.12.036,56
10.1093/jxb/ers282,39
10.11646/zootaxa.2707.1.1,13
10.1016/j.biocontrol.2020.104206,9
10.1186/s40663-017-0120-0,50
10.3897/biss.4.50889,12
10.1002/ece3.3704,101
10.1007/s10530-019-02024-7,13
10.1016/j.ecss.2019.03.015,8
10.1088/1748-9326/aaf5db,10
10.12705/634.31,0
10.1071/MF12237,20
10.1002/jqs.2830,11
10.3897/zookeys.751.24791,12
10.1007/s10531-019-01807-7,17
10.11646/zootaxa.4858.2.3,4
10.3391/bir.2020.9.2.27,0
10.1007/s10592-019-01197-x,4
10.1016/j.biocon.2015.08.017,57
10.1177/0959683619875805,2
10.1111/cobi.13669,17
10.1007/978-3-030-29829-6_43,3
10.1111/jbi.13416,1
10.1080/03014223.2015.1122639,1
10.1080/00779962.2020.1820125,1
10.1111/nph.16496,5
10.3897/natureconservation.18.12235,19
10.1111/mec.15409,16
10.1111/mec.15287,25
10.24199/j.mmv.2018.77.03,0
10.1093/mspecies/sey015,11
10.1093/jmammal/gyz058,19
10.1111/jbi.13795,3
10.1016/j.jaridenv.2016.10.002,14
10.1016/j.jaridenv.2018.01.003,13
10.1186/s40104-017-0180-6,35
10.3390/insects11060341,30
10.1016/j.gloplacha.2018.12.007,26
10.1016/j.fbr.2020.01.002,24
10.3389/fnut.2020.600215,6
10.1093/ee/nvaa160,0
10.1071/Mu16005,0
10.1080/01584197.2017.1296330,4
10.1007/s12231-019-09479-8,20
10.1002/ece3.66,80
10.1002/ece3.4039,4
10.1016/j.ecoleng.2018.03.006,23
10.7751/cunninghamia.2013.13.001,2
10.7751cunninghamia.2013.004,NA
10.1093/botlinnean/boaa021,9
10.1007/s10530-018-1897-7,17
10.1016/j.biocon.2019.05.032,34
10.1080/09583157.2018.1504886,4
10.1071/Sb10044,7
10.1071/Sb17004,1
10.1071/am16010,3
10.1071/bt17036,6
10.1071/BT19127,1
10.1071/BT14138,2
10.1080/00049158.2016.1275101,8
10.1016/j.marenvres.2021.105267,14
10.1111/aen.12213,2
10.1111/aec.12806,11
10.5194/acp-20-6193-2020,8
10.1093/aob/mcx020,53
10.3732/ajb.1500343,58
10.1093/zoolinnean/zlaa184,7
10.1073/pnas.2018093118,88
10.1093/biolinnean/blaa188,3
10.1007/s00265-021-02978-6,3
10.1101/2021.01.19.427338,1
10.5530/pj.2021.13.36,6
10.1111/aen.12514,9
10.1071/SB17026,3
10.1007/s10531-015-0973-x,6
10.1002/ece3.1747,23
10.1177/0959683615618261,15
10.1186/s13071-016-1403-y,14
10.1071/mu15018,5
10.1038/s41598-018-22436-0,22
10.1093/jmammal/gyx015,30
10.1038/sdata.2016.43,13
10.1111/nph.14855,212
10.1371/journal.pone.0166407,8
10.1371/journal.pone.0150159,37
10.1071/BT14119,6
10.1371/journal.pone.0155252,20
10.1111/geb.12798,0
10.1002/ece3.2095,57
10.1111/mec.12553,9
10.1109/Cse.2013.146,13
10.1007/978-3-642-41230-1_25,1
10.1016/j.ufug.2013.06.006,38
10.7882/AZ.2014.002,0
10.1080/17451000.2012.706306,11
10.1071/Bt15134,23
10.1007/s10531-013-0457-9,32
10.1016/j.biocon.2015.07.022,37
10.1016/j.biocon.2017.12.008,3
10.1007/s10530-015-1035-8,15
10.1007/s10530-013-0613-x,30
10.1098/rsbl.2014.0278,24
10.1186/s12915-017-0435-x,76
10.1111/boj.12021,22
10.1111/csp2.100,13
10.1016/j.cropro.2017.10.016,0
10.1111/ddi.12351,22
10.1111/ecog.03431,31
10.1002/ece3.4598,13
10.1002/ece3.1915,7
10.3389/fgene.2015.00132,28
10.1016/j.gecco.2020.e01376,1
10.1038/s41437-018-0073-2,44
10.1111/jbi.12230,47
10.1111/jbi.12711,27
10.1111/j.1365-2699.2012.02756.x,24
10.1111/1365-2745.12107,13
10.1016/j.jenvman.2015.05.039,18
10.1016/j.landusepol.2015.03.010,4
10.1038/ncomms5473,187
10.1080/01584197.2017.1324249,6
10.1016/j.funeco.2014.08.005,11
10.3390/genes11090963,5
10.1111/icad.12235,9
10.1071/wf16105,9
10.1614/ipsm-d-13-00052.1,7
10.1111/jbi.12585,8
10.1016/j.marpetgeo.2014.12.016,13
10.1016/j.marenvres.2017.09.015,54
10.17082/j.2204-1478.59.2014.2014-1,0
10.17082/j.2204-1478.59.2015.2015-04,2
10.17082/j.2204-1478.60.2017.2016-13,0
10.1111/mec.14341,62
10.1016/j.ympev.2017.01.019,19
10.1016/j.ympev.2017.07.015,14
10.1016/j.ympev.2017.01.008,41
10.3390/molecules23010231,60
10.1111/nph.13715,41
10.1071/PC19017,4
10.1104/pp.16.01313,40
10.1371/journal.pone.0113976,21
10.1371/journal.pone.0141813,19
10.1371/journal.pone.0243937,1
10.3853/j.2201-4349.72.2020.1721,0
10.7751/telopea8767,0
10.1007/s11262-013-1007-y,4
10.1071/Bt16190,0
10.1071/sb12014,4
10.1111/bij.12512,9
10.3390/fire1030039,22
10.1016/j.sajb.2014.02.013,14
10.1093/sysbio/syt102,36
10.1007/s11295-015-0864-z,26
10.1071/Rj16050,7
10.11646/zootaxa.3754.2.8,4
10.1016/j.phytochem.2020.112645,13
10.1093/biolinnean/blaa225,3
10.1007/s10592-018-1051-1,3
10.1071/WR18159,2
10.1111/trf.15336,5
10.1071/PC20008,3
10.11646/zootaxa.4755.2.4,0
10.1007/s11252-020-00969-5,10
10.1071/RJ18048,0
10.1080/03721426.2019.1655935,0
10.1111/rec.12905,6
10.1007/s00606-019-01589-z,8
10.1007/s11104-019-03966-6,10
10.1038/s41598-019-56794-0,11
10.1371/journal.pone.0222680,10
10.1371/journal.pone.0201276,14
10.1071/PC20041,3
10.7751/telopea12181,0
10.1080/03721426.2018.1444911,3
10.1007/s11295-019-1338-5,6
10.1016/j.toxicon.2014.04.011,6
10.1016/j.rser.2016.04.013,92
10.1111/rec.13275,8
10.11646/zootaxa.4097.3.7,0
10.7751/telopea2013017,7
10.22605/RRH4044,13
10.7751/telopea20147991,0
10.1094/PDIS-04-14-0353-RE,21
10.1371/journal.pone.0143746,17
10.11646/zootaxa.4231.4.3,0
10.1093/aob/mcx022,14
10.1016/j.aquabot.2020.103235,9
10.1111/aec.12789,16
10.1111/aec.12803,2
10.1111/aen.12363,2
10.1071/BT16104,5
10.7882/AZ.2019.022,0
10.3897/tdwgproceedings.1.20525,0
10.1111/jbi.12066,9
10.3390/d8030016,6
10.1071/sb14012,3
10.1071/Sb16045,5
10.1080/08120099.2014.903858,14
10.1071/Bt13209,9
10.3390/plants9121699,4
10.11646/zootaxa.4894.1.3,1
10.1007/s10980-015-0230-4,50
10.3853/j.2201-4349.68.2016.1648,7
10.1071/Mu16014,2
10.1371/journal.pone.0167723,10
10.1007/s10811-020-02288-w,1
10.3853/j.2201-4349.70.2018.1715,4
10.1111/jbi.12615,9
10.1186/2050-7445-1-36,5
10.1016/j.ympev.2015.07.003,16
10.1071/wr15096,7
10.1007/s10530-015-0996-y,91
https://dx.doi.org/10.12944/CRNFSJ.8.3.07,NA
10.1038/srep41367,15
10.1093/beheco/aru031,16
10.1186/s12862-016-0798-6,11
10.18195/issn.0312-3162.29(2).2014.128-140,9
10.1111/gcb.12729,101
10.1111/gcb.13771,35
10.1016/j.ecolmodel.2020.109388,2
10.1017/S0025315415000831,6
10.1002/jqs.2960,16
10.1086/682336,2
10.1111/jbi.13473,10
10.1002/ece3.7099,6
10.1016/j.ympev.2014.06.001,6
10.3897/evolsyst.1.14665,2
10.3854/crm.5.073.latisternum.v1.2014,2
10.1017/s1755267214000098,2
10.1002/ece3.3238,15
10.1038/sdata.2018.33,8
10.1071/BT13290,5
10.1155/2014/671041,7
10.1016/j.pbi.2016.03.018,20
10.7751/telopea2012008,4
10.1111/nph.14084,23
10.1080/00049158.2017.1365402,11
10.1016/j.ecoinf.2017.02.006,42
10.1111/aen.12258,41
10.1007/s10340-017-0938-9,5
10.1016/j.phytochem.2018.04.011,4
10.1636/JoA-S-17-079.1,7
10.1636/JoA-S-17-057.1,10
10.3897/zookeys.756.24397,15
10.1111/aen.12367,14
10.1093/biolinnean/bly070,3
10.1038/s41467-018-05898-8,40
10.1111/jbi.13127,11
10.1016/j.envexpbot.2018.06.037,6
10.1038/sdata.2017.206,39
10.3390/f11121371,7
10.1071/PC18017,3
10.1007/s00468-012-0693-8,11
10.1007/s10453-015-9399-x,29
10.1111/aen.12504,1
10.20938/afo34131136,0
10.20938/afo33001013,2
10.1080/00049158.2015.1076754,12
10.1071/BT14193,7
10.1071/AM15027,3
10.1071/SB15038,20
10.1071/Sb15030,3
10.7882/AZ.2017.019,4
10.7882/AZ.2014.041,0
10.1007/s10530-017-1646-3,17
10.1111/bij.12672,10
10.1111/brv.12132,86
10.1111/cobi.13149,24
10.1111/een.12295,12
10.1002/ecm.1326,59
10.1653/024.095.0448,9
10.1016/j.biocon.2015.07.032,8
10.1371/journal.pone.0154431,9
10.1071/ZO20029,0
10.1093/aob/mcaa203,5
10.1038/sdata.2016.53,14
10.1088/2051-672x/4/2/024007,46
10.1080/13235818.2015.1064366,7
10.3390/d12110422,1
10.11646/zootaxa.4861.2.2,0
10.1670/19-024,1
10.1002/ece3.6833,4
10.1186/s13002-020-00403-2,4
10.3390/f11070779,46
10.1111/jfb.14506,3
10.1007/s10592-021-01340-7,4
10.1071/SB19049,0
10.1071/AM20052,0
10.1071/ZO20074,1
10.1071/BT20116,1
10.1111/aec.13003,1
10.1111/acv.12437,11
10.3390/ecologies2010003,4
10.1016/j.cub.2020.10.053,84
10.1093/biolinnean/blaa174,2
10.1017/inp.2020.24,10
10.1093/aob/mcab020,4
10.1080/22041451.2020.1886965,0
10.1038/s42003-021-01760-8,23
10.1002/edn3.74,61
10.1002/ece3.7225,4
10.18195/issn.0313-122x.85.2020.117-183,1
10.1071/ZO19042,0
10.1071/WR19201,5
10.1111/ens.12434,1
10.1071/RJ20010,4
10.1007/s10530-020-02295-5,1
10.1071/IS20004,5
10.7751/telopea14543,0
10.1071/AM20008,0
10.3897/zookeys.966.56308,0
10.1111/jbi.12153,39
10.1101/2020.02.03.932715,0
10.1111/mec.12291,36
10.1016/j.foreco.2020.118292,9
10.1016/j.gecco.2021.e01626,1
10.11646/zootaxa.4951.3.9,0
10.1007/s00359-020-01459-x,4
10.1007/s10980-021-01208-8,1
10.1002/ece3.6712,12
10.1016/j.geomorph.2018.11.013,9
10.1038/s41559-020-01379-8,4
10.1111/eva.12971,5
10.3897/jhr.81.59365,5
10.1038/s41467-021-21266-5,36
10.1016/j.biocon.2020.108709,9
10.1093/biolinnean/blaa218,3
10.1007/s00572-019-00899-x,5
10.1643/h2020064,3
10.1071/BT19097,3
10.1016/j.gecco.2019.e00720,6
10.14522/darwiniana.2021.91.928,1
10.3390/insects12060491,11
10.5252/zoosystema2021v43a15,0
10.3390/life11060553,2
10.1111/jzo.12906,6
--,NA
10.1007/s12542-021-00550-1,10
10.1007/s00114-021-01739-9,4
10.3390/d13060250,0
10.1080/09583157.2021.1936451,4
10.1016/j.ttbdis.2021.101758,2
10.7882/AZ.2021.013,0
10.1007/s00114-021-01737-x,5
10.1111/mam.12251,18
10.1002/ece3.7714,0
10.3390/md19060302,5
10.1038/s41597-021-00919-6,5
10.1071/AN19693,4
10.1111/jvs.13018,14
10.1111/jse.12731,13
10.1111/emr.12445,3
10.1111/icad.12493,20
10.1111/evo.14140,8
10.1111/ddi.13265,48
10.1111/aec.13029,1
10.1111/2041-210X.13593,27
10.1080/01584197.2021.1925921,1
10.1002/widm.1394,11
10.1002/edn3.190,13
10.1002/ece3.7412,9
10.1002/ece3.7333,8
10.3372/wi.51.51112,2
10.1111/mec.15829,1
10.1071/MF21057,8
10.7320/FlMedit31.031,0
10.1111/ele.13787,8
10.1071/AM20060,0
10.1071/ZO20062,2
10.1071/BT20029,2
10.20938/afo38059065,0
10.1111/aec.13034,10
10.3390/d13040139,6
10.1111/2041-210X.13629,5
10.1007/s10530-021-02474-y,5
10.7882/AZ.2020.030,1
10.1098/rspb.2021.0225,18
10.21273/HORTSCI15603-20,1
10.5586/am.55210,0
10.3853/j.1835-4211.33.2021.1767,0
10.1080/00779962.2021.1891849,0
10.1016/j.biocontrol.2021.104594,5
10.1007/s11160-021-09639-x,3
10.1017/S0376892920000405,1
10.4039/tce.2020.74,0
10.1186/s40317-016-0107-6,18
10.1186/s40317-014-0021-8,48
10.1371/journal.pone.0128160,3
10.1016/j.biocontrol.2021.104555,4
10.1016/j.plaphy.2021.03.001,2
10.1038/s41437-021-00418-9,7
10.1007/s10531-021-02136-4,4
10.1016/j.biocon.2021.109031,7
10.18195/issn.0312-3162.35.2020.053-062,2
10.3389/fevo.2021.615119,7
10.1016/j.jhydrol.2021.126127,4
10.3389/fmars.2021.622299,19
10.7717/peerj.10857,0
10.18195/issn.0312-3162.29(2).2014.141-148,2
10.3354/meps13567,4
10.1111/ddi.13200,19
10.1071/FP20247,5
10.1371/journal.pone.0213820,15
10.1016/j.rsma.2021.101610,0
10.3390/d13020060,3
10.1111/aen.12498,2
10.1101/2020.06.01.127415,3
10.1071/WR17143,7
10.1038/s41598-018-27139-0,7
10.1017/jie.2015.25,5
10.11646/phytotaxa.510.3.8,0
10.1007/s11829-021-09853-1,0
10.1111/aen.12557,4
10.3389/fevo.2021.605951,3
10.7751/telopea14668,0
10.1016/j.scitotenv.2021.148850,5
10.1016/j.ufug.2021.127176,13
10.1111/ecog.05679,10
10.3390/plants10071344,1
10.1016/j.cropro.2021.105713,1
10.1088/1755-1315/789/1/012009,0
10.1016/j.rama.2021.05.005,3
10.1073/pnas.2021390118,21
10.1002/ajb2.1694,8
10.3390/d13070294,1
10.3390/insects12070581,4
10.1002/pei3.10056,1
10.1111/csp2.483,1
10.1080/09583157.2021.1944606,1
10.3390/ijgi10070434,0
10.1186/s40657-021-00266-5,0
10.3856/vol49-issue2-fulltext-2536,0
10.3390/agronomy11040728,7
10.1016/j.sjbs.2021.06.049,1
10.1017/inp.2021.13,0
10.1080/01140671.2021.1951306,4
10.26749/rstpp.155.1.43,0
10.1071/ZO20071,1
10.1093/treephys/tpab085,2
10.20938/afo38124130,0
10.20938/afo38119123,0
10.1071/SB20030,5
10.1111/gcb.15768,6
10.1186/s40529-021-00318-5,2
10.3354/meps13745,1
10.3390/plants10081505,8
10.1071/SB20025,4
10.1371/journal.pone.0254032,2
10.1007/s00338-021-02144-4,4
10.1093/biosci/biab073,28
10.1111/aen.12563,2
10.1111/mms.12851,4
10.1016/j.toxcx.2021.100076,6
10.3391/mbi.2021.12.3.15,14
10.47264/idea.nasij/2.1.1,0
10.1080/0028825X.2021.1960384,1
10.26786/1920-7603(2021)644,1
10.3733/ca2021a0012,NA
10.1016/j.funeco.2021.101097,1
10.1111/mec.16092,3
10.1007/s10531-021-02264-x,7
10.1127/nova_hedwigia/2021/0645,4
10.26749/rstpp.154.61,1
10.26749/rstpp.154.51,0
10.51964/hlcs10912,5
10.3390/d13080380,1
10.1002/jqs.3355,0
10.3389/fpls.2021.651805,1
10.20938/afo38145150,1
10.3390/technologies9030060,0
10.3390/d13080391,4
10.1016/j.biocon.2021.109284,11
10.1071/PC21019,4
10.5194/bg-2021-218,1
10.1016/j.scitotenv.2021.149845,3
10.1002/ecs2.3712,1
10.1111/aec.13104,4
10.1111/ddi.13400,7
10.3897/biss.5.73702,0
10.1186/s12862-021-01889-4,1
10.1007/s42489-021-00083-2,1
10.1071/AM21022,1
10.1016/j.envexpbot.2021.104634,4
10.1016/j.marpolbul.2021.112899,3
10.1111/rec.13552,2
10.3390/plants10091885,0
10.1002/ece3.8081,1
10.1093/aob/mcab067,8
10.1002/ece3.7496,2
10.1111/aen.12562,2
10.3390/plants10091851,7
10.37427/botcro-2021-018,1
10.3390/insects12100865,1
10.1111/aec.13103,1
10.1643/i2020136,3
10.1111/gcb.15879,4
10.3389/fmars.2021.733822,0
10.1002/ece3.8169,1
10.1017/wsc.2021.66,3
10.3316/informit.044825261283547,NA
10.1038/s42003-021-02695-w,1
10.1126/sciadv.abd3524,52
10.1007/s10530-021-02599-0,2
10.1071/ZO20051,1
10.1016/j.jasrep.2021.103187,0
10.1007/s11295-021-01524-9,1
10.1016/j.gecco.2021.e01862,1
10.3390/d13120611,3
10.1016/j.foreco.2021.119869,2
10.1071/WR19235,1
10.24199/j.mmv.2021.80.10,2
10.1071/PC20081,1
10.5061/DRYAD.6M905QFZT,NA
10.1051/parasite/2021069,2
10.3897/BDJ.9.e68010,0
10.1016/j.envsoft.2021.105242,0
10.1002/eap.2449,0
10.1111/aec.13123,2
10.1093/biosci/biab109,1
10.1016/j.jrurstud.2021.10.014,5
10.1016/j.ppees.2021.125648,2
10.1007/s11252-021-01118-2,1
10.1007/s10592-021-01408-4,2
10.3389/fmars.2021.737416,6
10.1002/ajb2.1790,4
10.3390/min11111174,0
10.1111/ddi.13428,21
10.1016/j.ecss.2021.107627,0
10.1038/s41597-021-01006-6,34
10.1007/s40415-021-00770-4,5
10.1002/ps.6753,0
10.1636/JoA-S-20-059,0
10.37044/osf.io/4ahng,1
10.1017/S0959270921000460,3
10.3897/biss.4.59056,0
10.1007/s00606-021-01793-w,3
10.3897/zookeys.1073.71843,2
10.1016/j.biocontrol.2021.104816,1
10.2989/16085914.2021.1982672,4
10.11646/zootaxa.5071.1.1,2
10.1145/3441852.3476558,2
10.1111/aen.12568,0
10.1007/s11252-021-01187-3,6
10.1111/aen.12575,0
10.1111/aen.12572,1
10.1007/s00114-021-01772-8,1
10.3390/d13110603,0
10.1002/eap.2537,2
10.52711/0974-360X.2021.00998,0
10.1002/2688-8319.12120,6
10.1071/PC20095,1
10.2174/1874364102115010264,0
10.1016/j.patrec.2021.11.015,1
10.7751/telopea15453,0
10.4001/003.029.1005,4
10.1111/ibi.13042,2
10.4001/003.029.0784,2
10.1649/0010-065X-75.3.695,0
10.1016/j.biocon.2021.109425,5
10.18476/2021.423083,2
10.18420/informatik2021-040,NA
10.11646/phytotaxa.528.2.1,0
10.3389/fmars.2021.766915,1
10.1073/pnas.2115329119,39
10.11646/zootaxa.5057.4.1,2
10.11646/zootaxa.5082.4.7,0
10.3897/rio.8.e81136,9
10.5209/mbot.73688,0
10.1002/ece3.8538,3
10.5334/cstp.358,2
10.1073/pnas.2108826119,2
10.1111/aec.13143,2
10.1080/03721426.2021.2018759,0
10.1111/emr.12524,2
10.1111/emr.12538,2
10.1111/brv.12836,6
10.1007/s11738-022-03366-x,2
10.5194/bg-19-491-2022,5
10.3390/d14020098,4
10.3389/fevo.2021.809576,2
10.1111/nph.18018,0
10.1016/j.biocon.2022.109470,2
10.1002/aqc.3769,0
10.11646/zootaxa.5103.1.1,1
10.1007/s10530-022-02753-2,2
10.1080/13235818.2022.2035889,1
10.1016/j.tfp.2022.100226,0
10.1017/S0959270921000447,0
10.3389/fcosc.2021.789448,2
10.1371/journal.pcbi.1009874,3
10.1093/icesjms/fsac025,1
10.3316/informit.240285129782065,NA
10.20938/afo39012018,0
10.3389/fmars.2021.733841,5
10.1016/j.ecoinf.2022.101598,2
10.1111/icad.12569,14
10.3897/rio.6.e55522,5
10.3316/informit.240266496810807,NA
10.1089/bio.2021.0127,0
10.3390/md20020105,1
10.3316/informit.225602348430603,NA
10.1101/2022.03.06.483202,3
10.52547/jibs.8.2.191,1
10.1002/ajpa.24499,4
10.1016/j.aspen.2022.101898,0
10.3389/fagro.2021.657785,1
10.7882/AZ.2022.004,0
10.1002/aqc.3793,4
10.1134/S106235902114003X,0
10.3390/d14030158,1
10.1016/j.rse.2022.112983,10
10.1016/j.ecolmodel.2022.109939,2
10.1086/719431,0
10.1080/03721426.2022.2050507,1
10.37569/DalatUniversity.12.3.931(2022),3
10.1016/j.scitotenv.2022.154061,1
10.1111/nph.18077,2
10.1111/aen.12591,0
10.1002/rse2.254,4
10.1007/s10530-021-02703-4,1
10.1007/s11160-022-09700-3,4
10.1080/01584197.2022.2047733,0
10.1002/edn3.295,3
10.1071/PC21064,1
10.1080/00222933.2022.2033869,1
10.1080/02724634.2021.2009844,1
10.1016/j.jep.2022.115168,0
10.1016/j.biocon.2022.109504,4
10.1111/ddi.13494,6
10.1111/geb.13497,11
10.1080/00343404.2022.2045266,4
10.1109/CSDE53843.2021.9718495,0
10.18231/j.ijfmts.2022.005,0
10.1002/eap.2636,0
10.1111/geb.13500,4
10.1111/geb.13501,2
10.1007/s12526-021-01247-z,0
10.3390/f13040575,2
10.1111/mec.16082,8
10.3390/d14040244,2
10.1111/jbi.14337,1
10.1016/j.jspr.2022.101958,1
10.1111/nph.18129,4
10.3390/microorganisms10040750,0
10.1111/ddi.13484,1
10.1101/2022.03.30.486312,1
10.1016/j.jrurstud.2022.03.020,2
10.1111/aec.13168,0
10.1071/PC21048,1
10.3390/agronomy12030736,2
10.1038/s41598-022-08524-2,0
10.1186/s12862-022-01990-2,2
10.7751/telopea15543,0
10.5281/ZENODO.6472309,NA
10.1111/ddi.13497,9
10.1007/s10584-017-2107-9,54
10.3390/plants11081029,0
10.1071/PC21045,1
10.1109/ICIPTM54933.2022.9754199,0
10.1007/s13314-022-00455-1,2
10.1016/j.flora.2022.152072,3
10.1007/s10531-022-02420-x,2
10.21426/B636050688,0
10.1016/j.ufug.2022.127594,2
10.1111/ddi.13533,1
10.1186/s12862-022-02009-6,2
10.1371/journal.pone.0267203,0
10.1111/1365-2664.14221,2
10.3390/w12061626,3
10.1111/rec.13708,2
10.1371/journal.pgph.0000506,3
10.1016/j.biocon.2022.109573,0
10.3897/jor.31.79332,1
10.7882/AZ.2022.010,1
10.7882/AZ.2022.021,1
10.3897/biss.5.74362,0
10.1007/s10531-019-01881-x,24
10.1002/edn3.306,8
10.3389/fmars.2019.00326,90
10.1111/1365-2664.14192,0
10.1111/rec.13718,1
10.1111/jfb.15125,0
10.1111/geb.13550,1
10.1071/ZO21036,1
10.1016/j.biocontrol.2022.104969,0
10.1016/j.ufug.2022.127631,2
10.1111/csp2.12738,2
10.1007/s10344-022-01592-9,0
10.1016/j.gecco.2022.e02181,1
10.1017/wsc.2022.38,0
10.1038/s41598-022-14893-5,2
10.1007/s11104-022-05524-z,1
10.6084/m9.figshare.18954530.v2,NA
10.1073/pnas.2026733119,7
10.1111/pce.14380,1
10.3390/d14060493,2
10.11646/zootaxa.5154.2.2,0
10.1186/s13071-019-3405-z,16
10.7751/telopea15746,0
10.12775/EQ.2022.018,0
10.22323/2.21040302,0
10.1111/ecog.06025,5
10.3897/jhr.91.84937,0
10.3390/f13070993,2
10.1080/01584197.2022.2090962,1
10.31857/S0026364821060118,0
10.3390/plants11141846,1
10.7882/AZ.2022.029,0
10.1111/emr.12556,1
10.1002/ece3.8933,0
10.1093/aob/mcac091,1
10.1111/ddi.13597,0
10.1016/j.pocean.2022.102853,1
10.1371/journal.pone.0186285,41
10.1002/ecs2.2865,4
10.1002/ecs2.2859,4
10.3897/zookeys.1110.83228,1
10.1111/aen.12613,1
10.11648/j.cbb.20221002.12,0
10.1111/aec.13234,11
10.3897/biss.6.91516,0
10.3897/biss.6.91512,0
10.3897/biss.6.91415,0
10.3897/biss.6.93854,0
10.3390/insects13080732,4
10.1111/1365-2664.14272,1
10.1111/1365-2656.13794,4
10.7882/AZ.2022.032,0
10.1007/s10841-022-00422-2,0
10.1002/ece3.7679,14
10.3897/biss.3.37092,2
10.1071/SB19025,4
10.1071/SB18020,0
10.1111/tpj.15866,2
10.1002/tax.12771,0
10.1080/01584197.2022.2104735,0
10.3390/f13071109,0
10.3390/d14080596,2
10.1007/s10531-022-02458-x,2
10.1080/14772000.2022.2090633,0
10.25918/THESIS.210,NA
10.1016/j.baae.2022.07.006,1
10.1590/2358-2936e2022014,0
10.1111/evo.14573,0
10.3389/fpls.2022.909073,0
10.3390/f13071152,0
10.3897/VCS.83045,0
10.3390/plants10102054,3
10.21203/rs.3.rs-1801417/v1,0
10.1016/j.aeaoa.2022.100183,0
10.5281/zenodo.6533714,NA
10.1016/j.jenvman.2022.116414,1
10.5209/mbot.80196,0
10.1111/avj.13208,0
10.1093/biosci/biac060,6
10.5962/p.340580,0
10.5962/p.340579,0
10.1111/jpy.13285,1
10.3389/fmars.2022.921542,1
10.1016/j.biocon.2022.109736,6
10.5281/zenodo.5092892,NA
10.1177/15501906221130535,0
10.1098/rsos.220792,6
10.1016/j.ecoinf.2022.101854,0
10.1108/AAAJ-01-2018-3339,12
10.5958/0976-1926.2022.00110.3,0
10.1111/ecog.05944,2
10.1111/1440-1703.12348,0
10.1002/ppp3.10329,3
10.1093/femsre/fuaa024,18
10.3897/phytokeys.209.87681,0
10.1002/ece3.4800,10
10.3390/oceans3040030,1
10.3390/land11101668,0
10.1670/21-067,0
10.20938/afo39167170,0
10.1590/1676BN-2022-1405,NA
10.3897/biss.6.95102,0
10.1016/j.jcz.2022.08.006,1
10.53550/EEC.2022.v28i04s.022,0
10.1016/j.ufug.2022.127732,3
10.1371/journal.pone.0274627,1
10.3897/BDJ.10.e82953,0
10.24436/2,NA
10.1016/j.ecolmodel.2022.110117,0
10.3897/biss.6.94718,0
10.1071/RS22002,0
10.3897/biss.6.91451,0
10.1186/s13002-022-00552-6,3
10.3389/fmicb.2022.687115,2
10.1111/aec.13236,1
10.11594/jtls.12.03.04,0
10.1016/j.gene.2022.146851,0
10.3390/agriculture12081246,0
10.25226/bboc.v142i3.2022.a9,0
10.1016/j.caeo.2022.100104,1
10.1371/journal.pone.0273822,1
10.1016/j.ecss.2022.107975,0
10.3897/biss.6.93853,0
10.1002/eap.2729,1
10.7882/AZ.2020.044,0
10.1002/eap.2762,0
10.3390/plants11233248,0
10.3390/plants11233334,0
10.1038/s41598-022-25629-w,0
10.54102/ajt.945nm,0
10.3897/zookeys.1127.91310,1
10.5751/ES-13562-270425,1
10.1007/s10980-022-01563-0,0
10.1038/s42003-022-04282-z,0
10.1038/s42003-022-04273-0,0
10.1038/s41598-022-24767-5,2
10.3389/fsufs.2022.865580,0
10.1111/aec.13263,1
10.1017/S0376892922000455,0
10.1101/2022.11.22.517291,1
10.3390/tropicalmed7120393,3
10.1016/j.gecco.2022.e02340,0
10.1371/journal.pone.0276117,0
10.1186/s40793-022-00452-y,0
10.7882/AZ.2022.042,0
10.1007/s10113-022-01985-1,0
10.3390/d14110961,2
10.11646/zootaxa.5091.3.7,0
10.3316/informit.698712121647560,NA
10.1002/arco.5273,1
10.1111/ecog.06426,2
10.1016/j.funbio.2022.09.002,0
10.1111/aec.13243,1
10.23855/preslia.2022.335,0
10.3389/fnut.2022.1006393,0
10.1007/s10453-022-09764-5,1
10.1007/s10592-022-01480-4,0
10.3390/jmse10111617,1
10.1111/ddi.13646,0
10.3390/d14110906,1
10.1111/jfb.15231,0
10.20938/afo39199205,0
10.1079/cabicompendium.98924909,0
10.1111/csp2.12869,2
10.14709/BarbJ.15.1.2022.07,0
10.1016/j.ympev.2022.107687,0
10.1016/j.ppees.2022.125715,1
10.3897/zookeys.1137.96414,2
10.11646/phytotaxa.576.2.1,0
10.1002/ece3.9633,0
10.1038/s41598-022-24833-y,1
10.1111/1365-2664.14337,1
10.1371/journal.pone.0278833,0
10.7882/AZ.2020.026,0
10.1111/een.13216,0
10.1145/3570905,0
10.3897/rio.8.e98593,0
10.1038/ncomms9221,290
10.5281/zenodo.7171062,NA
10.1371/journal.pone.0105480,49
10.3853/j.2201-4349.74.2022.1821,0
10.3390/su142113828,0
10.1098/rspb.2018.1474,15
10.1111/1365-2664.14138,3
10.5962/bhl.title.112965,1
10.3897/mbmg.6.84960,0
